,prediction,image_id,x_top_left,y_top_left,x_bottom_right,y_bottom_right
0,person,/content/drive/My Drive/Savour/whole/12_041 Sad Party Stock Photos_ Pictures... (3).jpg,249.14788818359375,71.70854187011719,353.15643310546875,323.9460144042969
1,sports ball,/content/drive/My Drive/Savour/whole/12_041 Sad Party Stock Photos_ Pictures... (3).jpg,183.89805603027344,148.4809112548828,236.49765014648438,203.58456420898438
2,couch,/content/drive/My Drive/Savour/whole/12_041 Sad Party Stock Photos_ Pictures... (3).jpg,27.838661193847656,100.46987915039062,585.6268920898438,301.224853515625
3,dog,/content/drive/My Drive/Savour/whole/12_041 Sad Party Stock Photos_ Pictures... (3).jpg,27.925344467163086,86.18201446533203,183.36253356933594,214.12954711914062
4,sports ball,/content/drive/My Drive/Savour/whole/12_041 Sad Party Stock Photos_ Pictures... (3).jpg,400.07171630859375,274.18804931640625,464.15380859375,337.9983215332031
5,dog,/content/drive/My Drive/Savour/whole/12_041 Sad Party Stock Photos_ Pictures... (3).jpg,403.9095458984375,11.450480461120605,553.6736450195312,209.3744659423828
6,bowl,/content/drive/My Drive/Savour/whole/12_041 Sad Party Stock Photos_ Pictures... (3).jpg,201.35789489746094,315.07891845703125,305.761474609375,412.2778015136719
7,person,/content/drive/My Drive/Savour/whole/Holyhead Youth Club entertaining....jpg,36.41897964477539,137.51904296875,255.84519958496094,570.579345703125
8,person,/content/drive/My Drive/Savour/whole/Holyhead Youth Club entertaining....jpg,293.6764221191406,171.47776794433594,556.1864624023438,575.3575439453125
9,cup,/content/drive/My Drive/Savour/whole/Holyhead Youth Club entertaining....jpg,253.0095672607422,301.08306884765625,287.3951416015625,333.3101806640625
10,person,/content/drive/My Drive/Savour/whole/Holyhead Youth Club entertaining....jpg,164.5078582763672,130.43276977539062,397.6116943359375,549.5697631835938
11,cup,/content/drive/My Drive/Savour/whole/Holyhead Youth Club entertaining....jpg,359.96136474609375,350.0838623046875,400.7939758300781,387.0478515625
12,person,/content/drive/My Drive/Savour/whole/Holyhead Youth Club entertaining....jpg,219.63357543945312,128.2694549560547,399.7311706542969,404.4595031738281
13,chair,/content/drive/My Drive/Savour/whole/Holyhead Youth Club entertaining....jpg,498.5477600097656,285.350830078125,599.0,590.4283447265625
14,person,/content/drive/My Drive/Savour/whole/Page 9 _ Royalty-free birthday party....jpg,0.0,94.70443725585938,523.63671875,607.0
15,cake,/content/drive/My Drive/Savour/whole/Page 9 _ Royalty-free birthday party....jpg,452.7254943847656,283.980224609375,710.6248168945312,404.74334716796875
16,person,/content/drive/My Drive/Savour/whole/Page 9 _ Royalty-free birthday party....jpg,781.4132690429688,302.263671875,902.6915893554688,558.8936767578125
17,teddy bear,/content/drive/My Drive/Savour/whole/Page 9 _ Royalty-free birthday party....jpg,542.8088989257812,226.901611328125,589.6031494140625,296.7840881347656
18,chair,/content/drive/My Drive/Savour/whole/Page 9 _ Royalty-free birthday party....jpg,740.1531982421875,375.1717529296875,883.7906494140625,600.0955810546875
19,cake,/content/drive/My Drive/Savour/whole/Page 9 _ Royalty-free birthday party....jpg,454.6402893066406,162.94114685058594,717.5264892578125,406.405517578125
20,person,/content/drive/My Drive/Savour/whole/Page 9 _ Royalty-free birthday party....jpg,421.2414855957031,346.7225341796875,600.7542114257812,601.485107421875
21,person,/content/drive/My Drive/Savour/whole/Page 9 _ Royalty-free birthday party....jpg,218.537353515625,415.0339660644531,449.3070068359375,603.4396362304688
22,person,/content/drive/My Drive/Savour/whole/Page 9 _ Royalty-free birthday party....jpg,799.2664794921875,292.74969482421875,896.4365234375,381.4196472167969
23,person,/content/drive/My Drive/Savour/whole/Party Night in Reykjavik. _ Flickr.jpg,40.616512298583984,152.62313842773438,182.80235290527344,425.64501953125
24,person,/content/drive/My Drive/Savour/whole/Party Night in Reykjavik. _ Flickr.jpg,734.0181884765625,159.9151611328125,780.2937622070312,304.71844482421875
25,person,/content/drive/My Drive/Savour/whole/Party Night in Reykjavik. _ Flickr.jpg,245.66139221191406,130.84423828125,295.8084411621094,272.5567626953125
26,person,/content/drive/My Drive/Savour/whole/Party Night in Reykjavik. _ Flickr.jpg,408.0835266113281,188.11294555664062,431.1805419921875,260.9844055175781
27,person,/content/drive/My Drive/Savour/whole/Party Night in Reykjavik. _ Flickr.jpg,751.871826171875,188.20068359375,808.04541015625,310.6344909667969
28,person,/content/drive/My Drive/Savour/whole/Party Night in Reykjavik. _ Flickr.jpg,647.03515625,148.77732849121094,692.18798828125,289.8778076171875
29,person,/content/drive/My Drive/Savour/whole/Party Night in Reykjavik. _ Flickr.jpg,335.1105041503906,175.74266052246094,359.3251647949219,245.95233154296875
30,person,/content/drive/My Drive/Savour/whole/Party Night in Reykjavik. _ Flickr.jpg,607.9334716796875,164.18092346191406,658.8268432617188,284.30047607421875
31,person,/content/drive/My Drive/Savour/whole/Party Night in Reykjavik. _ Flickr.jpg,986.6570434570312,171.63162231445312,1024.0,357.2923278808594
32,person,/content/drive/My Drive/Savour/whole/Party Night in Reykjavik. _ Flickr.jpg,546.7064208984375,189.95787048339844,589.2806396484375,269.2103271484375
33,person,/content/drive/My Drive/Savour/whole/Party Night in Reykjavik. _ Flickr.jpg,312.2489318847656,177.93826293945312,332.8254089355469,241.35169982910156
34,person,/content/drive/My Drive/Savour/whole/Party Night in Reykjavik. _ Flickr.jpg,658.8433227539062,350.5203552246094,1001.1744995117188,479.20025634765625
35,person,/content/drive/My Drive/Savour/whole/Party Night in Reykjavik. _ Flickr.jpg,289.8013000488281,177.68130493164062,310.70391845703125,244.9167938232422
36,person,/content/drive/My Drive/Savour/whole/Party Night in Reykjavik. _ Flickr.jpg,363.2154235839844,193.26316833496094,381.64703369140625,239.0266571044922
37,person,/content/drive/My Drive/Savour/whole/Party Night in Reykjavik. _ Flickr.jpg,462.5746154785156,194.11114501953125,481.99212646484375,244.45814514160156
38,person,/content/drive/My Drive/Savour/whole/Party Night in Reykjavik. _ Flickr.jpg,503.5779113769531,191.29296875,526.18310546875,253.64683532714844
39,car,/content/drive/My Drive/Savour/whole/Party Night in Reykjavik. _ Flickr.jpg,577.084716796875,193.16554260253906,618.17724609375,256.2073669433594
40,person,/content/drive/My Drive/Savour/whole/Party Night in Reykjavik. _ Flickr.jpg,477.1978759765625,194.0628204345703,491.85595703125,243.56658935546875
41,surfboard,/content/drive/My Drive/Savour/whole/Party Night in Reykjavik. _ Flickr.jpg,39.17131805419922,191.55767822265625,557.082275390625,766.3857421875
42,person,/content/drive/My Drive/Savour/whole/Party Night in Reykjavik. _ Flickr.jpg,523.90380859375,203.10394287109375,537.8102416992188,242.16416931152344
43,surfboard,/content/drive/My Drive/Savour/whole/Party Night in Reykjavik. _ Flickr.jpg,382.116455078125,200.3025360107422,412.9156799316406,231.27871704101562
44,person,/content/drive/My Drive/Savour/whole/Party Night in Reykjavik. _ Flickr.jpg,451.4294738769531,195.85157775878906,465.9454040527344,239.37191772460938
45,car,/content/drive/My Drive/Savour/whole/How Do Gender Transitions Happen....jpg,869.6834716796875,227.89674377441406,975.7362670898438,259.11712646484375
46,person,/content/drive/My Drive/Savour/whole/How Do Gender Transitions Happen....jpg,172.6965789794922,156.8090362548828,433.79022216796875,676.0
47,person,/content/drive/My Drive/Savour/whole/How Do Gender Transitions Happen....jpg,483.3461608886719,180.21034240722656,812.699951171875,667.813720703125
48,person,/content/drive/My Drive/Savour/whole/How Do Gender Transitions Happen....jpg,41.49848937988281,382.2983703613281,177.4365234375,669.2777709960938
49,person,/content/drive/My Drive/Savour/whole/How Do Gender Transitions Happen....jpg,800.9391479492188,332.6111145019531,914.8927612304688,671.3463745117188
50,person,/content/drive/My Drive/Savour/whole/How Do Gender Transitions Happen....jpg,923.7047119140625,329.6141662597656,999.5647583007812,666.4444580078125
51,person,/content/drive/My Drive/Savour/whole/How Do Gender Transitions Happen....jpg,736.9066772460938,245.52047729492188,769.3836669921875,325.1277770996094
52,traffic light,/content/drive/My Drive/Savour/whole/How Do Gender Transitions Happen....jpg,378.20343017578125,109.6472396850586,400.88409423828125,157.29635620117188
53,person,/content/drive/My Drive/Savour/whole/How Do Gender Transitions Happen....jpg,424.173095703125,218.61972045898438,445.8990783691406,266.6042175292969
54,person,/content/drive/My Drive/Savour/whole/How Do Gender Transitions Happen....jpg,49.71180725097656,279.4147033691406,96.1202621459961,407.4796447753906
55,person,/content/drive/My Drive/Savour/whole/How Do Gender Transitions Happen....jpg,432.2995910644531,325.61712646484375,519.635986328125,667.700439453125
56,person,/content/drive/My Drive/Savour/whole/How Do Gender Transitions Happen....jpg,394.1458740234375,274.4831237792969,443.1610107421875,405.9491882324219
57,person,/content/drive/My Drive/Savour/whole/How Do Gender Transitions Happen....jpg,451.7066955566406,287.8722229003906,558.4304809570312,650.9215698242188
58,traffic light,/content/drive/My Drive/Savour/whole/How Do Gender Transitions Happen....jpg,472.63226318359375,174.9801483154297,481.8566589355469,196.63656616210938
59,person,/content/drive/My Drive/Savour/whole/How Do Gender Transitions Happen....jpg,110.90418243408203,260.2954406738281,143.15048217773438,346.5501708984375
60,person,/content/drive/My Drive/Savour/whole/How Do Gender Transitions Happen....jpg,903.3926391601562,302.6376953125,965.3692626953125,620.2028198242188
61,car,/content/drive/My Drive/Savour/whole/How Do Gender Transitions Happen....jpg,409.3393859863281,227.7803192138672,431.5622863769531,250.35653686523438
62,traffic light,/content/drive/My Drive/Savour/whole/How Do Gender Transitions Happen....jpg,450.5996398925781,141.57725524902344,464.6398010253906,170.28077697753906
63,handbag,/content/drive/My Drive/Savour/whole/How Do Gender Transitions Happen....jpg,735.3119506835938,259.8948974609375,756.3513793945312,290.1814880371094
64,car,/content/drive/My Drive/Savour/whole/How Do Gender Transitions Happen....jpg,441.67138671875,224.43319702148438,467.717041015625,244.0851287841797
65,person,/content/drive/My Drive/Savour/whole/How Do Gender Transitions Happen....jpg,0.5315827131271362,336.19952392578125,35.14188003540039,555.4428100585938
66,car,/content/drive/My Drive/Savour/whole/How Do Gender Transitions Happen....jpg,561.8284912109375,223.61045837402344,608.3812866210938,244.1920166015625
67,person,/content/drive/My Drive/Savour/whole/How Do Gender Transitions Happen....jpg,859.4942626953125,278.3949279785156,900.5791625976562,380.2689514160156
68,person,/content/drive/My Drive/Savour/whole/How Do Gender Transitions Happen....jpg,756.234375,326.8219299316406,803.7526245117188,431.48431396484375
69,person,/content/drive/My Drive/Savour/whole/How Do Gender Transitions Happen....jpg,775.5662231445312,302.69342041015625,826.6720581054688,410.70318603515625
70,person,/content/drive/My Drive/Savour/whole/How Do Gender Transitions Happen....jpg,58.94342041015625,257.54998779296875,93.48308563232422,307.67132568359375
71,person,/content/drive/My Drive/Savour/whole/How Do Gender Transitions Happen....jpg,0.2015872448682785,445.1734313964844,31.268779754638672,636.4054565429688
72,person,/content/drive/My Drive/Savour/whole/How Do Gender Transitions Happen....jpg,536.228271484375,237.3287811279297,559.7941284179688,279.148193359375
73,handbag,/content/drive/My Drive/Savour/whole/How Do Gender Transitions Happen....jpg,740.319091796875,259.9815368652344,763.2451171875,296.0321350097656
74,person,/content/drive/My Drive/Savour/whole/How Do Gender Transitions Happen....jpg,812.0452880859375,222.84835815429688,819.90478515625,250.17697143554688
75,person,/content/drive/My Drive/Savour/whole/How Do Gender Transitions Happen....jpg,485.7834167480469,234.64468383789062,504.8199768066406,290.0129699707031
76,traffic light,/content/drive/My Drive/Savour/whole/How Do Gender Transitions Happen....jpg,728.126220703125,171.0232696533203,738.8018188476562,192.66275024414062
77,person,/content/drive/My Drive/Savour/whole/How Do Gender Transitions Happen....jpg,711.6814575195312,226.1396026611328,721.5569458007812,251.57464599609375
78,person,/content/drive/My Drive/Savour/whole/How Do Gender Transitions Happen....jpg,554.3616333007812,226.662353515625,569.0342407226562,283.421142578125
79,traffic light,/content/drive/My Drive/Savour/whole/How Do Gender Transitions Happen....jpg,473.6163635253906,175.50439453125,481.0962829589844,188.77490234375
80,person,/content/drive/My Drive/Savour/whole/How Do Gender Transitions Happen....jpg,960.7191772460938,269.27069091796875,1000.0,335.0401916503906
81,traffic light,/content/drive/My Drive/Savour/whole/How Do Gender Transitions Happen....jpg,769.8442993164062,184.34959411621094,777.7427368164062,194.96694946289062
82,handbag,/content/drive/My Drive/Savour/whole/How Do Gender Transitions Happen....jpg,743.403564453125,275.85406494140625,764.98388671875,298.7720947265625
83,car,/content/drive/My Drive/Savour/whole/How Do Gender Transitions Happen....jpg,470.2166442871094,217.7891387939453,491.40899658203125,235.339599609375
84,person,/content/drive/My Drive/Savour/whole/How Do Gender Transitions Happen....jpg,60.811344146728516,257.5216369628906,90.42827606201172,285.3529968261719
85,handbag,/content/drive/My Drive/Savour/whole/How Do Gender Transitions Happen....jpg,946.9034423828125,467.17950439453125,995.250732421875,565.6138305664062
86,person,/content/drive/My Drive/Savour/whole/Only African American people of color....jpg,279.5719909667969,163.98765563964844,609.4376220703125,496.36260986328125
87,wine glass,/content/drive/My Drive/Savour/whole/Only African American people of color....jpg,696.053955078125,482.1770935058594,763.0648193359375,613.58984375
88,person,/content/drive/My Drive/Savour/whole/Only African American people of color....jpg,578.6402587890625,199.99935913085938,854.6630859375,555.6776733398438
89,wine glass,/content/drive/My Drive/Savour/whole/Only African American people of color....jpg,225.2305145263672,530.8718872070312,311.4110107421875,683.1338500976562
90,wine glass,/content/drive/My Drive/Savour/whole/Only African American people of color....jpg,326.5500183105469,441.0159606933594,388.1570739746094,557.4924926757812
91,wine glass,/content/drive/My Drive/Savour/whole/Only African American people of color....jpg,541.0536499023438,424.5268859863281,596.4063110351562,528.9859008789062
92,person,/content/drive/My Drive/Savour/whole/Only African American people of color....jpg,43.3477897644043,166.32522583007812,181.74156188964844,557.2611694335938
93,dining table,/content/drive/My Drive/Savour/whole/Only African American people of color....jpg,51.51958465576172,453.802490234375,955.4724731445312,785.947998046875
94,chair,/content/drive/My Drive/Savour/whole/Only African American people of color....jpg,831.2119750976562,393.1371154785156,925.1217651367188,578.7716064453125
95,bottle,/content/drive/My Drive/Savour/whole/Only African American people of color....jpg,340.4962158203125,630.492431640625,379.0758056640625,706.8160400390625
96,bottle,/content/drive/My Drive/Savour/whole/Only African American people of color....jpg,488.00482177734375,638.1392822265625,526.9959716796875,714.7691650390625
97,bottle,/content/drive/My Drive/Savour/whole/Only African American people of color....jpg,454.1266784667969,631.304443359375,490.3821716308594,705.0428466796875
98,fork,/content/drive/My Drive/Savour/whole/Only African American people of color....jpg,636.9469604492188,673.6241455078125,768.0813598632812,707.0111083984375
99,tie,/content/drive/My Drive/Savour/whole/Only African American people of color....jpg,83.50956726074219,375.52337646484375,100.70537567138672,485.7572937011719
100,person,/content/drive/My Drive/Savour/whole/Sad Woman Blowing Party....jpg,153.21087646484375,150.91714477539062,676.61181640625,1012.8099365234375
101,cake,/content/drive/My Drive/Savour/whole/Sad Woman Blowing Party....jpg,45.839839935302734,786.4940185546875,359.0492858886719,978.7669677734375
102,chair,/content/drive/My Drive/Savour/whole/Sad Woman Blowing Party....jpg,191.82745361328125,640.649658203125,408.2584228515625,922.0858154296875
103,tie,/content/drive/My Drive/Savour/whole/Sad Woman Blowing Party....jpg,302.4271545410156,407.28399658203125,357.1193542480469,594.9769287109375
104,person,/content/drive/My Drive/Savour/whole/Ecuador_ a Hinge Election for Latin America.jpg,1241.210693359375,157.04052734375,1534.625732421875,624.9042358398438
105,person,/content/drive/My Drive/Savour/whole/Ecuador_ a Hinge Election for Latin America.jpg,529.3878173828125,129.70936584472656,997.3251342773438,693.0093383789062
106,person,/content/drive/My Drive/Savour/whole/10 Bridal Party Tips for the Non... (2).jpg,1324.708740234375,787.9202880859375,1527.7723388671875,1517.793701171875
107,person,/content/drive/My Drive/Savour/whole/10 Bridal Party Tips for the Non... (2).jpg,1126.1622314453125,720.8130493164062,1319.227783203125,1596.6083984375
108,person,/content/drive/My Drive/Savour/whole/10 Bridal Party Tips for the Non... (2).jpg,1487.05419921875,671.4288330078125,1681.390380859375,1527.081787109375
109,person,/content/drive/My Drive/Savour/whole/10 Bridal Party Tips for the Non... (2).jpg,13.848941802978516,1003.1038818359375,262.7469482421875,1591.720947265625
110,person,/content/drive/My Drive/Savour/whole/10 Bridal Party Tips for the Non... (2).jpg,2193.132568359375,1000.9589233398438,2492.93017578125,1538.0509033203125
111,person,/content/drive/My Drive/Savour/whole/10 Bridal Party Tips for the Non... (2).jpg,631.1682739257812,1024.8223876953125,972.9969482421875,1650.1820068359375
112,person,/content/drive/My Drive/Savour/whole/10 Bridal Party Tips for the Non... (2).jpg,1950.8450927734375,1014.6155395507812,2207.168701171875,1518.552490234375
113,person,/content/drive/My Drive/Savour/whole/10 Bridal Party Tips for the Non... (2).jpg,1657.4088134765625,1063.0765380859375,2083.95068359375,1645.869384765625
114,chair,/content/drive/My Drive/Savour/whole/10 Bridal Party Tips for the Non... (2).jpg,2080.03662109375,1481.5054931640625,2452.14013671875,1659.566162109375
115,person,/content/drive/My Drive/Savour/whole/10 Bridal Party Tips for the Non... (2).jpg,683.884521484375,1000.7897338867188,1204.5032958984375,1648.9718017578125
116,chair,/content/drive/My Drive/Savour/whole/10 Bridal Party Tips for the Non... (2).jpg,609.996337890625,1513.99365234375,828.7586669921875,1663.3316650390625
117,chair,/content/drive/My Drive/Savour/whole/10 Bridal Party Tips for the Non... (2).jpg,184.88673400878906,1463.5125732421875,418.6371765136719,1658.10107421875
118,dog,/content/drive/My Drive/Savour/whole/10 Bridal Party Tips for the Non... (2).jpg,1389.2923583984375,1491.98974609375,1615.6673583984375,1663.0081787109375
119,chair,/content/drive/My Drive/Savour/whole/10 Bridal Party Tips for the Non... (2).jpg,184.16966247558594,1475.311767578125,788.9797973632812,1652.77001953125
120,person,/content/drive/My Drive/Savour/whole/10 Bridal Party Tips for the Non... (2).jpg,1670.6693115234375,1024.9805908203125,1861.6802978515625,1325.14794921875
121,person,/content/drive/My Drive/Savour/whole/10 Bridal Party Tips for the Non... (2).jpg,240.10044860839844,1024.664306640625,711.91015625,1512.2799072265625
122,person,/content/drive/My Drive/Savour/whole/10 Bridal Party Tips for the Non... (2).jpg,230.04592895507812,975.1044921875,410.3867492675781,1349.0767822265625
123,person,/content/drive/My Drive/Savour/whole/10 Bridal Party Tips for the Non... (2).jpg,241.76007080078125,1075.0755615234375,417.3699645996094,1490.453369140625
124,person,/content/drive/My Drive/Savour/whole/10 Bridal Party Tips for the Non... (2).jpg,601.572509765625,1048.5,710.7083740234375,1468.1370849609375
125,person,/content/drive/My Drive/Savour/whole/10 Bridal Party Tips for the Non... (2).jpg,0.6229048371315002,1019.82421875,55.267494201660156,1275.5010986328125
126,chair,/content/drive/My Drive/Savour/whole/10 Bridal Party Tips for the Non... (2).jpg,1654.807861328125,1471.9600830078125,2080.9169921875,1656.267822265625
127,person,/content/drive/My Drive/Savour/whole/10 Bridal Party Tips for the Non... (2).jpg,1663.5615234375,1049.721923828125,1965.10693359375,1456.8353271484375
128,chair,/content/drive/My Drive/Savour/whole/10 Bridal Party Tips for the Non... (2).jpg,49.70639419555664,1448.3143310546875,368.0418395996094,1655.39892578125
129,chair,/content/drive/My Drive/Savour/whole/10 Bridal Party Tips for the Non... (2).jpg,740.3042602539062,1532.3345947265625,842.1430053710938,1661.0819091796875
130,person,/content/drive/My Drive/Savour/whole/10 Bridal Party Tips for the Non... (1).jpg,1309.7047119140625,588.2114868164062,1665.415771484375,1658.2877197265625
131,person,/content/drive/My Drive/Savour/whole/10 Bridal Party Tips for the Non... (1).jpg,475.4326477050781,719.4102783203125,1277.38623046875,1645.53515625
132,person,/content/drive/My Drive/Savour/whole/10 Bridal Party Tips for the Non... (1).jpg,1594.5426025390625,448.5801696777344,1973.065185546875,1592.6766357421875
133,person,/content/drive/My Drive/Savour/whole/10 Bridal Party Tips for the Non... (1).jpg,220.5082550048828,229.740478515625,699.0300903320312,1355.736083984375
134,person,/content/drive/My Drive/Savour/whole/10 Bridal Party Tips for the Non... (1).jpg,1665.31298828125,632.11572265625,2493.941162109375,1649.68359375
135,person,/content/drive/My Drive/Savour/whole/10 Bridal Party Tips for the Non... (1).jpg,1803.4515380859375,529.16552734375,2133.78271484375,1594.179931640625
136,person,/content/drive/My Drive/Savour/whole/10 Bridal Party Tips for the Non... (1).jpg,902.7667236328125,742.648193359375,1012.0357666015625,876.1080932617188
137,person,/content/drive/My Drive/Savour/whole/10 Bridal Party Tips for the Non... (1).jpg,1015.2098388671875,715.4205932617188,1085.8333740234375,827.7091674804688
138,person,/content/drive/My Drive/Savour/whole/10 Bridal Party Tips for the Non... (1).jpg,1090.2110595703125,747.448974609375,1182.7841796875,823.7279663085938
139,person,/content/drive/My Drive/Savour/whole/10 Bridal Party Tips for the Non... (1).jpg,1267.6053466796875,753.1271362304688,1359.460205078125,828.666015625
140,person,/content/drive/My Drive/Savour/whole/10 Bridal Party Tips for the Non... (1).jpg,412.4026794433594,722.10302734375,737.5054931640625,1424.6942138671875
141,handbag,/content/drive/My Drive/Savour/whole/10 Bridal Party Tips for the Non... (1).jpg,596.06201171875,1126.7060546875,723.5838623046875,1250.7412109375
142,handbag,/content/drive/My Drive/Savour/whole/10 Bridal Party Tips for the Non... (1).jpg,452.0454406738281,900.6658935546875,639.26708984375,1061.0762939453125
143,person,/content/drive/My Drive/Savour/whole/10 Bridal Party Tips for the Non... (5).jpg,1476.5252685546875,818.5311279296875,1843.2994384765625,1657.1705322265625
144,person,/content/drive/My Drive/Savour/whole/10 Bridal Party Tips for the Non... (5).jpg,897.4285278320312,832.8901977539062,1662.7020263671875,1661.2305908203125
145,person,/content/drive/My Drive/Savour/whole/10 Bridal Party Tips for the Non... (5).jpg,1828.3489990234375,321.8282775878906,2466.700439453125,1607.6097412109375
146,person,/content/drive/My Drive/Savour/whole/10 Bridal Party Tips for the Non... (5).jpg,0.0,904.6497802734375,456.51953125,1649.3568115234375
147,person,/content/drive/My Drive/Savour/whole/10 Bridal Party Tips for the Non... (5).jpg,862.6365966796875,756.3527221679688,1181.86572265625,1545.6788330078125
148,person,/content/drive/My Drive/Savour/whole/10 Bridal Party Tips for the Non... (5).jpg,665.6129150390625,668.0114135742188,893.791015625,1158.5494384765625
149,person,/content/drive/My Drive/Savour/whole/10 Bridal Party Tips for the Non... (5).jpg,480.17578125,1002.4258422851562,584.7443237304688,1100.3323974609375
150,tie,/content/drive/My Drive/Savour/whole/10 Bridal Party Tips for the Non... (5).jpg,744.7647705078125,947.8240356445312,790.08349609375,1038.86181640625
151,person,/content/drive/My Drive/Savour/whole/10 Bridal Party Tips for the Non... (5).jpg,1102.99609375,1027.064697265625,1179.23486328125,1198.41015625
152,person,/content/drive/My Drive/Savour/whole/10 Bridal Party Tips for the Non... (5).jpg,311.6373291015625,992.5402221679688,452.5258483886719,1130.09326171875
153,person,/content/drive/My Drive/Savour/whole/10 Bridal Party Tips for the Non... (5).jpg,1153.2047119140625,1012.6466064453125,1240.661865234375,1207.6168212890625
154,person,/content/drive/My Drive/Savour/whole/10 Bridal Party Tips for the Non... (5).jpg,386.828369140625,841.502197265625,901.9185180664062,1635.701904296875
155,person,/content/drive/My Drive/Savour/whole/10 Bridal Party Tips for the Non... (5).jpg,1635.9932861328125,872.0541381835938,1751.4217529296875,1032.2696533203125
156,person,/content/drive/My Drive/Savour/whole/Free Images _ people_ play_ cake_ kids....jpg,194.09310913085938,452.6849670410156,1672.864990234375,2566.690185546875
157,person,/content/drive/My Drive/Savour/whole/Free Images _ people_ play_ cake_ kids....jpg,2088.291748046875,187.2462615966797,3221.93115234375,2039.455322265625
158,person,/content/drive/My Drive/Savour/whole/Free Images _ people_ play_ cake_ kids....jpg,2914.217041015625,478.4364929199219,3888.0,2085.035400390625
159,person,/content/drive/My Drive/Savour/whole/Free Images _ people_ play_ cake_ kids....jpg,3034.99267578125,0.0,3888.0,929.1649780273438
160,cake,/content/drive/My Drive/Savour/whole/Free Images _ people_ play_ cake_ kids....jpg,1668.15185546875,2046.905029296875,3503.28173828125,2563.91259765625
161,person,/content/drive/My Drive/Savour/whole/Free Images _ people_ play_ cake_ kids....jpg,1722.54736328125,95.10616302490234,2486.109619140625,1749.9566650390625
162,dining table,/content/drive/My Drive/Savour/whole/Free Images _ people_ play_ cake_ kids....jpg,821.8497924804688,1993.00537109375,3785.89794921875,2592.0
163,bottle,/content/drive/My Drive/Savour/whole/Free Images _ people_ play_ cake_ kids....jpg,1924.6712646484375,1423.225830078125,2163.421875,2114.339111328125
164,person,/content/drive/My Drive/Savour/whole/musical theatre 3888x2592....jpg,749.8342895507812,1128.3712158203125,1198.0205078125,2581.052490234375
165,person,/content/drive/My Drive/Savour/whole/musical theatre 3888x2592....jpg,125.78687286376953,656.7387084960938,765.0963745117188,2553.271240234375
166,person,/content/drive/My Drive/Savour/whole/musical theatre 3888x2592....jpg,2013.8546142578125,1076.7235107421875,2969.2978515625,2313.555908203125
167,person,/content/drive/My Drive/Savour/whole/musical theatre 3888x2592....jpg,1146.2247314453125,1133.1995849609375,1803.844970703125,2552.597412109375
168,cup,/content/drive/My Drive/Savour/whole/musical theatre 3888x2592....jpg,93.78663635253906,2344.046875,229.7428741455078,2507.97900390625
169,person,/content/drive/My Drive/Savour/whole/musical theatre 3888x2592....jpg,2555.261474609375,641.084716796875,3002.03515625,1434.510009765625
170,person,/content/drive/My Drive/Savour/whole/musical theatre 3888x2592....jpg,1582.969970703125,1020.1420288085938,2056.636474609375,2535.349853515625
171,person,/content/drive/My Drive/Savour/whole/musical theatre 3888x2592....jpg,1995.2890625,216.15892028808594,2688.190185546875,1423.4847412109375
172,person,/content/drive/My Drive/Savour/whole/musical theatre 3888x2592....jpg,3193.509765625,1028.032958984375,3770.1171875,1982.3768310546875
173,person,/content/drive/My Drive/Savour/whole/musical theatre 3888x2592....jpg,1249.1553955078125,148.28726196289062,1815.238525390625,1402.8094482421875
174,person,/content/drive/My Drive/Savour/whole/musical theatre 3888x2592....jpg,554.0467529296875,548.7001342773438,858.3643188476562,1595.537109375
175,bottle,/content/drive/My Drive/Savour/whole/musical theatre 3888x2592....jpg,3058.228271484375,1844.08447265625,3219.070068359375,2592.0
176,person,/content/drive/My Drive/Savour/whole/musical theatre 3888x2592....jpg,2793.191650390625,907.2598876953125,3306.501953125,1966.73486328125
177,bottle,/content/drive/My Drive/Savour/whole/musical theatre 3888x2592....jpg,3602.839599609375,1949.796875,3783.872802734375,2592.0
178,bottle,/content/drive/My Drive/Savour/whole/musical theatre 3888x2592....jpg,3219.676513671875,1834.082275390625,3388.640869140625,2592.0
179,chair,/content/drive/My Drive/Savour/whole/musical theatre 3888x2592....jpg,181.93563842773438,252.95509338378906,415.2997741699219,551.1129760742188
180,bottle,/content/drive/My Drive/Savour/whole/musical theatre 3888x2592....jpg,2548.84521484375,2005.0084228515625,2685.255126953125,2543.205078125
181,person,/content/drive/My Drive/Savour/whole/Folsom Weekend Party Guide 2018 - Andymatic.jpg,512.5799560546875,454.31494140625,1083.2659912109375,1849.7467041015625
182,person,/content/drive/My Drive/Savour/whole/Folsom Weekend Party Guide 2018 - Andymatic.jpg,2590.268798828125,442.2982177734375,2915.52587890625,1490.9268798828125
183,person,/content/drive/My Drive/Savour/whole/Folsom Weekend Party Guide 2018 - Andymatic.jpg,2910.25634765625,407.3888854980469,3212.56982421875,1420.8536376953125
184,person,/content/drive/My Drive/Savour/whole/Folsom Weekend Party Guide 2018 - Andymatic.jpg,2236.843017578125,446.5682678222656,2573.03466796875,1556.1453857421875
185,umbrella,/content/drive/My Drive/Savour/whole/Folsom Weekend Party Guide 2018 - Andymatic.jpg,600.0013427734375,20.026580810546875,1336.40478515625,311.65478515625
186,person,/content/drive/My Drive/Savour/whole/Folsom Weekend Party Guide 2018 - Andymatic.jpg,1221.61962890625,462.3734130859375,2020.6849365234375,1550.359619140625
187,backpack,/content/drive/My Drive/Savour/whole/Folsom Weekend Party Guide 2018 - Andymatic.jpg,1459.95361328125,1023.1908569335938,1967.4832763671875,1488.877685546875
188,chair,/content/drive/My Drive/Savour/whole/Brooklyn_ NY _ Production _ Peerspace.jpg,3138.73828125,1487.3829345703125,3687.725830078125,2283.97216796875
189,person,/content/drive/My Drive/Savour/whole/Brooklyn_ NY _ Production _ Peerspace.jpg,713.7725830078125,939.627197265625,1125.0087890625,1528.36376953125
190,person,/content/drive/My Drive/Savour/whole/Brooklyn_ NY _ Production _ Peerspace.jpg,3307.501220703125,831.1098022460938,3635.75439453125,1620.15185546875
191,person,/content/drive/My Drive/Savour/whole/Brooklyn_ NY _ Production _ Peerspace.jpg,0.5417377352714539,1069.872802734375,659.6196899414062,1929.7022705078125
192,person,/content/drive/My Drive/Savour/whole/Brooklyn_ NY _ Production _ Peerspace.jpg,2281.236083984375,1308.7821044921875,3073.302978515625,2634.359130859375
193,person,/content/drive/My Drive/Savour/whole/Brooklyn_ NY _ Production _ Peerspace.jpg,1057.3094482421875,972.1984252929688,1366.290771484375,1322.4088134765625
194,bottle,/content/drive/My Drive/Savour/whole/Brooklyn_ NY _ Production _ Peerspace.jpg,547.0537719726562,1568.447265625,683.64404296875,1954.0428466796875
195,person,/content/drive/My Drive/Savour/whole/Brooklyn_ NY _ Production _ Peerspace.jpg,1353.308837890625,944.9346313476562,1594.0465087890625,1306.32470703125
196,person,/content/drive/My Drive/Savour/whole/Brooklyn_ NY _ Production _ Peerspace.jpg,1605.482666015625,929.1400756835938,1743.8544921875,1139.350341796875
197,cup,/content/drive/My Drive/Savour/whole/Brooklyn_ NY _ Production _ Peerspace.jpg,1412.555908203125,1354.9820556640625,1495.1912841796875,1466.507568359375
198,chair,/content/drive/My Drive/Savour/whole/Brooklyn_ NY _ Production _ Peerspace.jpg,1557.1700439453125,1326.520263671875,1904.2159423828125,2129.732666015625
199,chair,/content/drive/My Drive/Savour/whole/Brooklyn_ NY _ Production _ Peerspace.jpg,998.77294921875,1925.997314453125,1542.3284912109375,2447.816162109375
200,chair,/content/drive/My Drive/Savour/whole/Brooklyn_ NY _ Production _ Peerspace.jpg,890.1436157226562,2325.276611328125,1669.43359375,2644.446044921875
201,chair,/content/drive/My Drive/Savour/whole/Brooklyn_ NY _ Production _ Peerspace.jpg,2096.887451171875,1312.1199951171875,2336.28955078125,1678.56005859375
202,dining table,/content/drive/My Drive/Savour/whole/Brooklyn_ NY _ Production _ Peerspace.jpg,2711.9267578125,2230.07861328125,3918.29638671875,2628.275634765625
203,person,/content/drive/My Drive/Savour/whole/Brooklyn_ NY _ Production _ Peerspace.jpg,2111.120361328125,1075.0238037109375,2438.941162109375,1603.2822265625
204,person,/content/drive/My Drive/Savour/whole/Brooklyn_ NY _ Production _ Peerspace.jpg,3181.685546875,790.49072265625,3412.552001953125,1577.0914306640625
205,person,/content/drive/My Drive/Savour/whole/Brooklyn_ NY _ Production _ Peerspace.jpg,3374.457275390625,758.4442749023438,3498.734375,869.8281860351562
206,person,/content/drive/My Drive/Savour/whole/Brooklyn_ NY _ Production _ Peerspace.jpg,1518.35107421875,978.04833984375,1688.494140625,1192.398681640625
207,dining table,/content/drive/My Drive/Savour/whole/Brooklyn_ NY _ Production _ Peerspace.jpg,3443.389404296875,1567.3602294921875,4000.0,2432.945068359375
208,person,/content/drive/My Drive/Savour/whole/Brooklyn_ NY _ Production _ Peerspace.jpg,1318.9857177734375,970.1486206054688,1426.1712646484375,1126.718017578125
209,person,/content/drive/My Drive/Savour/whole/Brooklyn_ NY _ Production _ Peerspace.jpg,2105.741943359375,935.6001586914062,2274.7763671875,1173.0130615234375
210,bottle,/content/drive/My Drive/Savour/whole/Brooklyn_ NY _ Production _ Peerspace.jpg,824.9929809570312,1474.610595703125,926.0738525390625,1827.6661376953125
211,handbag,/content/drive/My Drive/Savour/whole/Brooklyn_ NY _ Production _ Peerspace.jpg,4.626327991485596,1925.06396484375,708.1143798828125,2600.389404296875
212,bottle,/content/drive/My Drive/Savour/whole/Brooklyn_ NY _ Production _ Peerspace.jpg,1812.0816650390625,1054.0166015625,1842.946044921875,1167.6234130859375
213,person,/content/drive/My Drive/Savour/whole/Brooklyn_ NY _ Production _ Peerspace.jpg,2338.07861328125,1174.772216796875,2694.510986328125,1720.6915283203125
214,person,/content/drive/My Drive/Savour/whole/Brooklyn_ NY _ Production _ Peerspace.jpg,2887.46484375,930.0619506835938,3044.34130859375,1102.3636474609375
215,chair,/content/drive/My Drive/Savour/whole/Brooklyn_ NY _ Production _ Peerspace.jpg,1867.5543212890625,1208.6497802734375,2032.20166015625,1600.661376953125
216,person,/content/drive/My Drive/Savour/whole/Brooklyn_ NY _ Production _ Peerspace.jpg,1672.09130859375,922.8467407226562,1773.0543212890625,1090.714111328125
217,dining table,/content/drive/My Drive/Savour/whole/Brooklyn_ NY _ Production _ Peerspace.jpg,3458.77880859375,1545.5806884765625,3997.261474609375,1776.85791015625
218,chair,/content/drive/My Drive/Savour/whole/Brooklyn_ NY _ Production _ Peerspace.jpg,1369.676025390625,1660.872802734375,1749.4298095703125,2346.285888671875
219,book,/content/drive/My Drive/Savour/whole/Brooklyn_ NY _ Production _ Peerspace.jpg,2898.52685546875,2170.403076171875,3437.355224609375,2534.303466796875
220,person,/content/drive/My Drive/Savour/whole/Brooklyn_ NY _ Production _ Peerspace.jpg,2927.06591796875,1027.5535888671875,3191.73095703125,1413.7490234375
221,person,/content/drive/My Drive/Savour/whole/Morning Roundup_ D.C. – Ted Eytan_ MD.jpg,1707.4105224609375,1606.4298095703125,1991.0714111328125,2370.0
222,person,/content/drive/My Drive/Savour/whole/Morning Roundup_ D.C. – Ted Eytan_ MD.jpg,2995.049072265625,1609.6468505859375,3443.017578125,2349.399658203125
223,person,/content/drive/My Drive/Savour/whole/Morning Roundup_ D.C. – Ted Eytan_ MD.jpg,459.9855041503906,1607.281982421875,826.2510375976562,2353.94091796875
224,person,/content/drive/My Drive/Savour/whole/Morning Roundup_ D.C. – Ted Eytan_ MD.jpg,1928.3192138671875,1614.05224609375,2258.240234375,2360.544189453125
225,person,/content/drive/My Drive/Savour/whole/Morning Roundup_ D.C. – Ted Eytan_ MD.jpg,801.2364501953125,1633.8914794921875,1132.220458984375,2364.81689453125
226,person,/content/drive/My Drive/Savour/whole/Morning Roundup_ D.C. – Ted Eytan_ MD.jpg,1095.21337890625,1688.0023193359375,1354.340087890625,2368.361572265625
227,person,/content/drive/My Drive/Savour/whole/Morning Roundup_ D.C. – Ted Eytan_ MD.jpg,3565.73974609375,1674.0548095703125,3750.48046875,2308.288330078125
228,person,/content/drive/My Drive/Savour/whole/Morning Roundup_ D.C. – Ted Eytan_ MD.jpg,214.8210906982422,1807.4512939453125,541.012451171875,2356.60693359375
229,person,/content/drive/My Drive/Savour/whole/Morning Roundup_ D.C. – Ted Eytan_ MD.jpg,2353.866943359375,1714.589599609375,2585.099365234375,2360.51220703125
230,person,/content/drive/My Drive/Savour/whole/Morning Roundup_ D.C. – Ted Eytan_ MD.jpg,1459.9603271484375,1734.8538818359375,1683.3155517578125,2365.43994140625
231,person,/content/drive/My Drive/Savour/whole/Morning Roundup_ D.C. – Ted Eytan_ MD.jpg,2243.099853515625,1691.0953369140625,2402.677978515625,2351.001708984375
232,person,/content/drive/My Drive/Savour/whole/Morning Roundup_ D.C. – Ted Eytan_ MD.jpg,2807.002685546875,1730.0841064453125,2992.980712890625,2278.3984375
233,person,/content/drive/My Drive/Savour/whole/Morning Roundup_ D.C. – Ted Eytan_ MD.jpg,2640.25634765625,1709.6834716796875,2794.39306640625,2370.0
234,person,/content/drive/My Drive/Savour/whole/Morning Roundup_ D.C. – Ted Eytan_ MD.jpg,1617.6180419921875,1736.1505126953125,1738.4285888671875,2277.400146484375
235,person,/content/drive/My Drive/Savour/whole/Morning Roundup_ D.C. – Ted Eytan_ MD.jpg,2529.282470703125,1665.6629638671875,2699.8232421875,2344.80810546875
236,person,/content/drive/My Drive/Savour/whole/Morning Roundup_ D.C. – Ted Eytan_ MD.jpg,1375.934814453125,1711.51025390625,1506.94189453125,2282.504638671875
237,person,/content/drive/My Drive/Savour/whole/Morning Roundup_ D.C. – Ted Eytan_ MD.jpg,3357.18798828125,1694.0540771484375,3460.4462890625,1880.8394775390625
238,bottle,/content/drive/My Drive/Savour/whole/Morning Roundup_ D.C. – Ted Eytan_ MD.jpg,74.38135528564453,1978.92041015625,123.22579193115234,2111.23486328125
239,person,/content/drive/My Drive/Savour/whole/Morning Roundup_ D.C. – Ted Eytan_ MD.jpg,3709.46044921875,1684.518310546875,3827.659423828125,2057.778076171875
240,person,/content/drive/My Drive/Savour/whole/Morning Roundup_ D.C. – Ted Eytan_ MD.jpg,1.7469398975372314,1734.9300537109375,162.26837158203125,2029.7884521484375
241,person,/content/drive/My Drive/Savour/whole/Morning Roundup_ D.C. – Ted Eytan_ MD.jpg,3738.437744140625,1879.446533203125,3898.000244140625,2367.521728515625
242,kite,/content/drive/My Drive/Savour/whole/Morning Roundup_ D.C. – Ted Eytan_ MD.jpg,585.2822265625,1206.4244384765625,660.1829833984375,1284.375732421875
243,handbag,/content/drive/My Drive/Savour/whole/Morning Roundup_ D.C. – Ted Eytan_ MD.jpg,2816.784912109375,1999.855224609375,2867.5146484375,2079.9248046875
244,person,/content/drive/My Drive/Savour/whole/Morning Roundup_ D.C. – Ted Eytan_ MD.jpg,747.805908203125,1647.501220703125,938.8493041992188,2323.475830078125
245,person,/content/drive/My Drive/Savour/whole/Morning Roundup_ D.C. – Ted Eytan_ MD.jpg,402.4232177734375,1700.0955810546875,520.0805053710938,1866.528564453125
246,person,/content/drive/My Drive/Savour/whole/Morning Roundup_ D.C. – Ted Eytan_ MD.jpg,164.4281005859375,1685.97119140625,330.6466979980469,2209.61474609375
247,bottle,/content/drive/My Drive/Savour/whole/Morning Roundup_ D.C. – Ted Eytan_ MD.jpg,124.2134780883789,1980.4295654296875,160.6397705078125,2103.883544921875
248,person,/content/drive/My Drive/Savour/whole/Morning Roundup_ D.C. – Ted Eytan_ MD.jpg,735.7822265625,1656.4058837890625,869.9234619140625,1883.7047119140625
249,handbag,/content/drive/My Drive/Savour/whole/Morning Roundup_ D.C. – Ted Eytan_ MD.jpg,498.75872802734375,1842.1043701171875,744.9703979492188,2169.57861328125
250,person,/content/drive/My Drive/Savour/whole/Morning Roundup_ D.C. – Ted Eytan_ MD.jpg,3333.849853515625,1701.9656982421875,3469.716552734375,2254.379638671875
251,person,/content/drive/My Drive/Savour/whole/Morning Roundup_ D.C. – Ted Eytan_ MD.jpg,3817.9619140625,1708.4700927734375,3896.707275390625,1993.6851806640625
252,person,/content/drive/My Drive/Savour/whole/Morning Roundup_ D.C. – Ted Eytan_ MD.jpg,2953.49267578125,1719.9046630859375,3082.534912109375,2274.318115234375
253,person,/content/drive/My Drive/Savour/whole/In Celebration of Cesar Chavez Day....jpg,2801.400390625,818.6578369140625,3635.6376953125,2912.714599609375
254,train,/content/drive/My Drive/Savour/whole/In Celebration of Cesar Chavez Day....jpg,1393.0858154296875,1166.767822265625,3171.989501953125,2658.711669921875
255,cup,/content/drive/My Drive/Savour/whole/Free Images _ celebration_ dish_ meal....jpg,20.80231285095215,4.7708845138549805,1067.1182861328125,609.4763793945312
256,bowl,/content/drive/My Drive/Savour/whole/Free Images _ celebration_ dish_ meal....jpg,1809.2177734375,1403.7042236328125,2818.580810546875,2076.909912109375
257,bowl,/content/drive/My Drive/Savour/whole/Free Images _ celebration_ dish_ meal....jpg,1905.0855712890625,0.0,3780.48095703125,656.88720703125
258,bowl,/content/drive/My Drive/Savour/whole/Free Images _ celebration_ dish_ meal....jpg,3876.0595703125,214.1112518310547,4921.98681640625,1137.7596435546875
259,dining table,/content/drive/My Drive/Savour/whole/Free Images _ celebration_ dish_ meal....jpg,0.0,8.687556266784668,4916.994140625,3191.477783203125
260,bowl,/content/drive/My Drive/Savour/whole/Free Images _ celebration_ dish_ meal....jpg,2838.7060546875,1749.1156005859375,3820.45458984375,2471.11181640625
261,bowl,/content/drive/My Drive/Savour/whole/Free Images _ celebration_ dish_ meal....jpg,1616.6663818359375,2280.36181640625,2852.80419921875,3115.240234375
262,bowl,/content/drive/My Drive/Savour/whole/Free Images _ celebration_ dish_ meal....jpg,649.460693359375,1793.1097412109375,1706.9793701171875,2551.377197265625
263,donut,/content/drive/My Drive/Savour/whole/Free Images _ celebration_ dish_ meal....jpg,4088.910888671875,1628.2557373046875,4395.73583984375,1895.0225830078125
264,donut,/content/drive/My Drive/Savour/whole/Free Images _ celebration_ dish_ meal....jpg,3781.056884765625,1604.698486328125,4109.01611328125,1855.200439453125
265,cup,/content/drive/My Drive/Savour/whole/Free Images _ celebration_ dish_ meal....jpg,1446.176025390625,1129.8289794921875,2113.679931640625,1761.7633056640625
266,bowl,/content/drive/My Drive/Savour/whole/Free Images _ celebration_ dish_ meal....jpg,831.2244262695312,168.1870574951172,2416.77001953125,1588.579833984375
267,donut,/content/drive/My Drive/Savour/whole/Free Images _ celebration_ dish_ meal....jpg,3239.992431640625,1095.89013671875,3515.3798828125,1372.130615234375
268,donut,/content/drive/My Drive/Savour/whole/Free Images _ celebration_ dish_ meal....jpg,3306.87451171875,1305.5372314453125,3601.4990234375,1578.2464599609375
269,bowl,/content/drive/My Drive/Savour/whole/Free Images _ celebration_ dish_ meal....jpg,2010.2637939453125,394.1717529296875,3169.90234375,1433.5438232421875
270,bowl,/content/drive/My Drive/Savour/whole/Free Images _ celebration_ dish_ meal....jpg,6.753280162811279,843.0506591796875,908.7045288085938,2114.819091796875
271,bowl,/content/drive/My Drive/Savour/whole/Free Images _ celebration_ dish_ meal....jpg,978.0239868164062,12.206233978271484,1672.79296875,237.093994140625
272,person,/content/drive/My Drive/Savour/whole/Mummers_ play - Wikipedia.jpg,3812.83154296875,1196.2789306640625,4360.181640625,3038.698486328125
273,person,/content/drive/My Drive/Savour/whole/Mummers_ play - Wikipedia.jpg,523.306884765625,594.7417602539062,2549.847412109375,3039.470947265625
274,person,/content/drive/My Drive/Savour/whole/Mummers_ play - Wikipedia.jpg,1486.1209716796875,1694.4212646484375,1878.9864501953125,2843.04833984375
275,person,/content/drive/My Drive/Savour/whole/Mummers_ play - Wikipedia.jpg,2597.632080078125,252.49559020996094,4443.849609375,3043.953857421875
276,person,/content/drive/My Drive/Savour/whole/Mummers_ play - Wikipedia.jpg,349.8546142578125,2060.586669921875,920.7783203125,2840.257080078125
277,person,/content/drive/My Drive/Savour/whole/Mummers_ play - Wikipedia.jpg,1778.0643310546875,1844.6644287109375,1989.4267578125,2806.526611328125
278,person,/content/drive/My Drive/Savour/whole/Mummers_ play - Wikipedia.jpg,45.319698333740234,1649.2664794921875,416.216552734375,2562.8818359375
279,person,/content/drive/My Drive/Savour/whole/Mummers_ play - Wikipedia.jpg,64.0938491821289,2113.739990234375,402.1035461425781,2926.52783203125
280,person,/content/drive/My Drive/Savour/whole/Mummers_ play - Wikipedia.jpg,3343.62548828125,437.65399169921875,4303.00537109375,3023.69873046875
281,person,/content/drive/My Drive/Savour/whole/Mummers_ play - Wikipedia.jpg,348.05450439453125,1691.2169189453125,453.5007629394531,1879.2197265625
282,knife,/content/drive/My Drive/Savour/whole/Mummers_ play - Wikipedia.jpg,2538.769775390625,1586.91796875,2695.859375,2144.09033203125
283,motorcycle,/content/drive/My Drive/Savour/whole/Mummers_ play - Wikipedia.jpg,290.915771484375,2388.275390625,719.4638061523438,2935.31640625
284,person,/content/drive/My Drive/Savour/whole/Christmas food fight held in London....jpg,345.22845458984375,126.93283081054688,886.4029541015625,568.7265014648438
285,person,/content/drive/My Drive/Savour/whole/Christmas food fight held in London....jpg,122.12806701660156,119.79585266113281,433.2696533203125,589.189208984375
286,person,/content/drive/My Drive/Savour/whole/Christmas food fight held in London....jpg,715.8112182617188,88.46600341796875,831.0980834960938,339.4959716796875
287,person,/content/drive/My Drive/Savour/whole/Christmas food fight held in London....jpg,3.303832530975342,125.35868072509766,118.94169616699219,280.39678955078125
288,person,/content/drive/My Drive/Savour/whole/Christmas food fight held in London....jpg,101.73395538330078,168.35169982910156,167.55882263183594,233.26487731933594
289,person,/content/drive/My Drive/Savour/whole/Christmas food fight held in London....jpg,667.3780517578125,107.10238647460938,902.2335205078125,602.2236328125
290,person,/content/drive/My Drive/Savour/whole/Top 10 Food fight Festivals_ La... (3).jpg,546.6109008789062,306.13848876953125,713.671142578125,479.0
291,person,/content/drive/My Drive/Savour/whole/Top 10 Food fight Festivals_ La... (3).jpg,287.61346435546875,217.2595977783203,413.49432373046875,475.6083068847656
292,person,/content/drive/My Drive/Savour/whole/Top 10 Food fight Festivals_ La... (3).jpg,156.88841247558594,224.80116271972656,298.9426574707031,474.2773132324219
293,person,/content/drive/My Drive/Savour/whole/Top 10 Food fight Festivals_ La... (3).jpg,360.5418395996094,133.15673828125,456.4400939941406,466.6422119140625
294,person,/content/drive/My Drive/Savour/whole/Top 10 Food fight Festivals_ La... (3).jpg,477.12249755859375,100.70686340332031,549.1566162109375,357.94732666015625
295,person,/content/drive/My Drive/Savour/whole/Top 10 Food fight Festivals_ La... (3).jpg,592.9757080078125,149.98094177246094,718.3093872070312,318.1204833984375
296,person,/content/drive/My Drive/Savour/whole/Top 10 Food fight Festivals_ La... (3).jpg,223.89675903320312,230.31280517578125,302.0853576660156,470.9230041503906
297,person,/content/drive/My Drive/Savour/whole/Top 10 Food fight Festivals_ La... (3).jpg,491.0472412109375,291.62286376953125,650.3939208984375,473.4002685546875
298,person,/content/drive/My Drive/Savour/whole/Top 10 Food fight Festivals_ La... (3).jpg,138.78567504882812,84.63444519042969,181.2874298095703,173.17115783691406
299,person,/content/drive/My Drive/Savour/whole/Top 10 Food fight Festivals_ La... (3).jpg,594.349853515625,230.17434692382812,666.0861206054688,320.6562805175781
300,person,/content/drive/My Drive/Savour/whole/Top 10 Food fight Festivals_ La... (3).jpg,673.59912109375,281.62860107421875,720.0,432.7462158203125
301,person,/content/drive/My Drive/Savour/whole/Top 10 Food fight Festivals_ La... (3).jpg,20.752853393554688,116.53213500976562,100.06810760498047,229.66244506835938
302,person,/content/drive/My Drive/Savour/whole/Top 10 Food fight Festivals_ La... (3).jpg,38.55842590332031,156.10159301757812,161.64500427246094,387.8929443359375
303,person,/content/drive/My Drive/Savour/whole/Top 10 Food fight Festivals_ La... (3).jpg,415.73895263671875,120.0570297241211,502.80010986328125,441.85980224609375
304,person,/content/drive/My Drive/Savour/whole/Top 10 Food fight Festivals_ La... (3).jpg,42.831321716308594,96.54925537109375,78.39884948730469,154.96090698242188
305,person,/content/drive/My Drive/Savour/whole/Top 10 Food fight Festivals_ La... (3).jpg,129.21710205078125,168.97116088867188,182.14651489257812,284.4439697265625
306,person,/content/drive/My Drive/Savour/whole/Top 10 Food fight Festivals_ La... (3).jpg,258.8691711425781,134.07933044433594,364.4420471191406,280.5028381347656
307,person,/content/drive/My Drive/Savour/whole/Top 10 Food fight Festivals_ La... (3).jpg,440.96148681640625,112.37806701660156,529.033203125,412.3230285644531
308,person,/content/drive/My Drive/Savour/whole/Top 10 Food fight Festivals_ La... (3).jpg,531.2890014648438,91.66038513183594,596.83935546875,301.0904541015625
309,person,/content/drive/My Drive/Savour/whole/Top 10 Food fight Festivals_ La... (3).jpg,573.0745849609375,120.15719604492188,627.0467529296875,205.9617156982422
310,bottle,/content/drive/My Drive/Savour/whole/Top 10 Food fight Festivals_ La... (3).jpg,97.26960754394531,364.82208251953125,208.3839874267578,466.8367614746094
311,person,/content/drive/My Drive/Savour/whole/Top 10 Food fight Festivals_ La... (3).jpg,7.281842231750488,153.78822326660156,82.97413635253906,291.02532958984375
312,person,/content/drive/My Drive/Savour/whole/Top 10 Food fight Festivals_ La... (3).jpg,690.3875732421875,93.8570785522461,717.2164306640625,143.95838928222656
313,person,/content/drive/My Drive/Savour/whole/Epic food fight festivals - Newspaper....jpg,379.36834716796875,3.292905330657959,515.7247924804688,145.33883666992188
314,person,/content/drive/My Drive/Savour/whole/Epic food fight festivals - Newspaper....jpg,50.66749572753906,0.18302640318870544,77.29727935791016,25.323503494262695
315,person,/content/drive/My Drive/Savour/whole/Epic food fight festivals - Newspaper....jpg,674.4637451171875,0.4051855802536011,778.6179809570312,62.090087890625
316,person,/content/drive/My Drive/Savour/whole/Epic food fight festivals - Newspaper....jpg,569.5813598632812,0.10197072476148605,682.1533813476562,156.3344268798828
317,person,/content/drive/My Drive/Savour/whole/Epic food fight festivals - Newspaper....jpg,50.19144058227539,0.36737051606178284,135.59677124023438,41.11603546142578
318,horse,/content/drive/My Drive/Savour/whole/Where to Enjoy Public Food Fights... (1).jpg,323.9687194824219,378.369140625,620.3037109375,665.0745239257812
319,sports ball,/content/drive/My Drive/Savour/whole/Where to Enjoy Public Food Fights... (1).jpg,625.0574340820312,103.70664978027344,647.8115844726562,124.39427947998047
320,person,/content/drive/My Drive/Savour/whole/Where to Enjoy Public Food Fights... (1).jpg,114.8699951171875,583.41796875,258.17047119140625,667.0
321,person,/content/drive/My Drive/Savour/whole/Where to Enjoy Public Food Fights... (1).jpg,595.8411254882812,233.46633911132812,785.543701171875,573.9012451171875
322,sports ball,/content/drive/My Drive/Savour/whole/Where to Enjoy Public Food Fights... (1).jpg,539.2841186523438,176.60057067871094,563.6629028320312,201.4150390625
323,person,/content/drive/My Drive/Savour/whole/Where to Enjoy Public Food Fights... (1).jpg,139.11468505859375,101.06455993652344,362.53875732421875,365.6365661621094
324,person,/content/drive/My Drive/Savour/whole/Where to Enjoy Public Food Fights... (1).jpg,822.0831909179688,504.7873229980469,974.9386596679688,661.2503051757812
325,sports ball,/content/drive/My Drive/Savour/whole/Where to Enjoy Public Food Fights... (1).jpg,190.88868713378906,243.62997436523438,215.86306762695312,266.91925048828125
326,person,/content/drive/My Drive/Savour/whole/Where to Enjoy Public Food Fights... (1).jpg,812.546630859375,86.91377258300781,983.3025512695312,285.31317138671875
327,person,/content/drive/My Drive/Savour/whole/Where to Enjoy Public Food Fights... (1).jpg,617.6626586914062,86.42874145507812,869.1036987304688,318.6247863769531
328,person,/content/drive/My Drive/Savour/whole/Where to Enjoy Public Food Fights... (1).jpg,245.6029815673828,98.1856918334961,583.9732055664062,365.41168212890625
329,person,/content/drive/My Drive/Savour/whole/Where to Enjoy Public Food Fights... (1).jpg,129.08242797851562,458.7075500488281,175.78955078125,516.3682861328125
330,person,/content/drive/My Drive/Savour/whole/Where to Enjoy Public Food Fights... (1).jpg,681.3116455078125,583.0592041015625,782.126953125,663.257568359375
331,person,/content/drive/My Drive/Savour/whole/Where to Enjoy Public Food Fights... (1).jpg,576.358154296875,235.76698303222656,701.37939453125,558.168701171875
332,person,/content/drive/My Drive/Savour/whole/Where to Enjoy Public Food Fights... (1).jpg,12.600947380065918,496.4498291015625,233.76251220703125,660.123046875
333,person,/content/drive/My Drive/Savour/whole/Where to Enjoy Public Food Fights... (1).jpg,119.13104248046875,505.87298583984375,246.7991485595703,656.836181640625
334,person,/content/drive/My Drive/Savour/whole/Where to Enjoy Public Food Fights... (1).jpg,604.9693603515625,109.82756042480469,956.570068359375,598.4364013671875
335,person,/content/drive/My Drive/Savour/whole/Where to Enjoy Public Food Fights... (1).jpg,10.9886474609375,457.2896423339844,88.61298370361328,541.0913696289062
336,orange,/content/drive/My Drive/Savour/whole/Where to Enjoy Public Food Fights... (1).jpg,211.98472595214844,386.4147033691406,235.21337890625,408.2492980957031
337,sports ball,/content/drive/My Drive/Savour/whole/Where to Enjoy Public Food Fights... (1).jpg,259.20550537109375,373.7768859863281,280.5677185058594,395.57818603515625
338,person,/content/drive/My Drive/Savour/whole/Where to Enjoy Public Food Fights... (1).jpg,703.7454223632812,66.0849838256836,963.4411010742188,329.6856994628906
339,person,/content/drive/My Drive/Savour/whole/Top 10 Food fight Festivals_ La... (4).jpg,208.90858459472656,52.82429504394531,271.89508056640625,217.85113525390625
340,person,/content/drive/My Drive/Savour/whole/Top 10 Food fight Festivals_ La... (4).jpg,556.8007202148438,61.118350982666016,619.87255859375,204.861083984375
341,person,/content/drive/My Drive/Savour/whole/Top 10 Food fight Festivals_ La... (4).jpg,0.0,73.61625671386719,198.25547790527344,395.0119934082031
342,person,/content/drive/My Drive/Savour/whole/Top 10 Food fight Festivals_ La... (4).jpg,255.28819274902344,79.18119812011719,305.0928955078125,231.0797119140625
343,person,/content/drive/My Drive/Savour/whole/Top 10 Food fight Festivals_ La... (4).jpg,329.464111328125,112.14864349365234,564.3358764648438,365.42913818359375
344,person,/content/drive/My Drive/Savour/whole/Top 10 Food fight Festivals_ La... (4).jpg,172.23216247558594,67.26873779296875,224.16392517089844,221.6991424560547
345,person,/content/drive/My Drive/Savour/whole/Top 10 Food fight Festivals_ La... (4).jpg,415.33050537109375,48.019508361816406,450.56719970703125,99.8747787475586
346,frisbee,/content/drive/My Drive/Savour/whole/Top 10 Food fight Festivals_ La... (4).jpg,350.5284423828125,286.8525390625,384.5019226074219,299.1822814941406
347,person,/content/drive/My Drive/Savour/whole/Top 10 Food fight Festivals_ La... (4).jpg,511.8832092285156,60.585506439208984,540.5037841796875,125.49103546142578
348,person,/content/drive/My Drive/Savour/whole/Top 10 Food fight Festivals_ La... (4).jpg,318.2572326660156,70.37619018554688,360.3133544921875,222.5364990234375
349,person,/content/drive/My Drive/Savour/whole/Top 10 Food fight Festivals_ La... (4).jpg,2.4902875423431396,39.93674087524414,47.739646911621094,120.32363891601562
350,person,/content/drive/My Drive/Savour/whole/Top 10 Food fight Festivals_ La... (4).jpg,81.38215637207031,26.704875946044922,191.64474487304688,324.7811279296875
351,person,/content/drive/My Drive/Savour/whole/Top 10 Food fight Festivals_ La... (4).jpg,77.50264739990234,22.360532760620117,189.3692169189453,107.60261535644531
352,person,/content/drive/My Drive/Savour/whole/Top 10 Food fight Festivals_ La... (4).jpg,358.7771911621094,57.68928909301758,404.285888671875,103.01406860351562
353,person,/content/drive/My Drive/Savour/whole/Top 10 Food fight Festivals_ La... (4).jpg,476.5419006347656,64.05683135986328,514.3108520507812,128.68380737304688
354,person,/content/drive/My Drive/Savour/whole/Top 10 Food fight Festivals_ La... (4).jpg,0.0,37.92506408691406,14.037226676940918,92.25931549072266
355,person,/content/drive/My Drive/Savour/whole/Top 10 Food fight Festivals_ La... (4).jpg,286.43389892578125,58.503318786621094,327.0906066894531,141.82180786132812
356,person,/content/drive/My Drive/Savour/whole/Top 10 Food fight Festivals_ La... (4).jpg,41.01841354370117,67.2383041381836,61.81315612792969,112.19989776611328
357,person,/content/drive/My Drive/Savour/whole/Top 10 Food fight Festivals_ La... (4).jpg,351.0358581542969,95.16041564941406,478.37652587890625,317.43585205078125
358,person,/content/drive/My Drive/Savour/whole/Top 10 Food fight Festivals_ La... (4).jpg,443.2839660644531,70.46678161621094,471.3393249511719,97.19409942626953
359,person,/content/drive/My Drive/Savour/whole/Top 10 Food fight Festivals_ La... (4).jpg,319.6724853515625,73.86215209960938,363.5003967285156,142.10873413085938
360,person,/content/drive/My Drive/Savour/whole/Top 10 Food fight Festivals_ La... (4).jpg,1.6306958198547363,107.02493286132812,101.64806365966797,389.809814453125
361,person,/content/drive/My Drive/Savour/whole/miss La Tomatina festival....jpg,46.73505783081055,25.379579544067383,319.8582458496094,464.6003723144531
362,person,/content/drive/My Drive/Savour/whole/miss La Tomatina festival....jpg,491.1155090332031,168.16229248046875,692.9235229492188,470.9638977050781
363,person,/content/drive/My Drive/Savour/whole/miss La Tomatina festival....jpg,144.00115966796875,219.2816619873047,471.46783447265625,473.5740966796875
364,person,/content/drive/My Drive/Savour/whole/miss La Tomatina festival....jpg,730.1653442382812,19.678686141967773,845.0,364.5345764160156
365,person,/content/drive/My Drive/Savour/whole/miss La Tomatina festival....jpg,416.806640625,65.97064971923828,532.8841552734375,414.2176513671875
366,person,/content/drive/My Drive/Savour/whole/miss La Tomatina festival....jpg,283.7175598144531,37.935306549072266,450.080322265625,284.97564697265625
367,person,/content/drive/My Drive/Savour/whole/miss La Tomatina festival....jpg,454.9998474121094,0.0,552.0927124023438,104.96912384033203
368,person,/content/drive/My Drive/Savour/whole/miss La Tomatina festival....jpg,683.4797973632812,81.23580169677734,737.4182739257812,191.2456512451172
369,person,/content/drive/My Drive/Savour/whole/miss La Tomatina festival....jpg,267.48028564453125,9.334426879882812,345.8029479980469,175.68446350097656
370,person,/content/drive/My Drive/Savour/whole/miss La Tomatina festival....jpg,609.0900268554688,21.342166900634766,831.2975463867188,456.4389343261719
371,person,/content/drive/My Drive/Savour/whole/miss La Tomatina festival....jpg,584.640625,12.638687133789062,731.9073486328125,299.8627624511719
372,person,/content/drive/My Drive/Savour/whole/miss La Tomatina festival....jpg,584.9453125,33.998165130615234,678.5707397460938,146.395751953125
373,person,/content/drive/My Drive/Savour/whole/miss La Tomatina festival....jpg,6.161948204040527,8.03266429901123,236.1177215576172,263.5232238769531
374,person,/content/drive/My Drive/Savour/whole/miss La Tomatina festival....jpg,258.06903076171875,9.892148971557617,344.994140625,310.49334716796875
375,person,/content/drive/My Drive/Savour/whole/miss La Tomatina festival....jpg,558.266845703125,21.814069747924805,703.1314086914062,177.68739318847656
376,person,/content/drive/My Drive/Savour/whole/miss La Tomatina festival....jpg,450.93072509765625,0.0,593.1203002929688,162.51177978515625
377,person,/content/drive/My Drive/Savour/whole/Mike Kai - Takanakuy _ LensCulture.jpg,63.23270034790039,57.84209442138672,494.91729736328125,662.0697021484375
378,person,/content/drive/My Drive/Savour/whole/Mike Kai - Takanakuy _ LensCulture.jpg,461.87060546875,122.95257568359375,845.658935546875,659.9960327148438
379,person,/content/drive/My Drive/Savour/whole/Mike Kai - Takanakuy _ LensCulture.jpg,831.2898559570312,365.1845703125,999.9999389648438,643.14111328125
380,person,/content/drive/My Drive/Savour/whole/Mike Kai - Takanakuy _ LensCulture.jpg,0.07533150166273117,347.5483093261719,104.6346435546875,541.6398315429688
381,person,/content/drive/My Drive/Savour/whole/Mike Kai - Takanakuy _ LensCulture.jpg,741.9777221679688,288.09967041015625,869.4798583984375,546.4550170898438
382,person,/content/drive/My Drive/Savour/whole/Mike Kai - Takanakuy _ LensCulture.jpg,2.9122743606567383,485.79498291015625,120.39734649658203,664.91796875
383,person,/content/drive/My Drive/Savour/whole/Mike Kai - Takanakuy _ LensCulture.jpg,61.010990142822266,329.6573486328125,140.21340942382812,442.2675476074219
384,person,/content/drive/My Drive/Savour/whole/Mike Kai - Takanakuy _ LensCulture.jpg,848.61083984375,268.94891357421875,956.75537109375,458.2342834472656
385,person,/content/drive/My Drive/Savour/whole/Mike Kai - Takanakuy _ LensCulture.jpg,909.08642578125,264.4074401855469,958.1417846679688,344.4791564941406
386,person,/content/drive/My Drive/Savour/whole/Mike Kai - Takanakuy _ LensCulture.jpg,659.1044921875,246.32850646972656,771.6712646484375,391.26416015625
387,person,/content/drive/My Drive/Savour/whole/Mike Kai - Takanakuy _ LensCulture.jpg,645.6072387695312,239.58786010742188,664.1119384765625,279.42926025390625
388,person,/content/drive/My Drive/Savour/whole/Mike Kai - Takanakuy _ LensCulture.jpg,949.3231201171875,308.88775634765625,999.2177734375,461.0844421386719
389,person,/content/drive/My Drive/Savour/whole/Biggest Food Fight....jpg,71.58564758300781,61.48603820800781,151.05165100097656,252.04225158691406
390,person,/content/drive/My Drive/Savour/whole/6_978 Food Fight Photos and Premium... (1).jpg,5.287831783294678,106.84068298339844,343.4481506347656,603.1673583984375
391,person,/content/drive/My Drive/Savour/whole/6_978 Food Fight Photos and Premium... (1).jpg,331.021240234375,142.61863708496094,595.0652465820312,594.759521484375
392,person,/content/drive/My Drive/Savour/whole/6_978 Food Fight Photos and Premium... (1).jpg,199.38514709472656,131.66766357421875,441.98077392578125,570.985107421875
393,chair,/content/drive/My Drive/Savour/whole/6_978 Food Fight Photos and Premium... (1).jpg,0.7063588500022888,296.88067626953125,50.662113189697266,540.5185546875
394,person,/content/drive/My Drive/Savour/whole/6_978 Food Fight Photos and Premium... (1).jpg,281.7161865234375,121.82099151611328,443.8277893066406,382.8218078613281
395,person,/content/drive/My Drive/Savour/whole/Scooper - Undefined News_ FOOD FIGHT....jpg,323.78338623046875,13.526397705078125,626.0404663085938,320.0
396,person,/content/drive/My Drive/Savour/whole/Scooper - Undefined News_ FOOD FIGHT....jpg,28.109750747680664,57.50981140136719,385.34039306640625,319.4311828613281
397,person,/content/drive/My Drive/Savour/whole/Scooper - Undefined News_ FOOD FIGHT....jpg,213.03257751464844,30.374818801879883,370.05572509765625,301.6312561035156
398,car,/content/drive/My Drive/Savour/whole/Scooper - Undefined News_ FOOD FIGHT....jpg,0.0,17.05370330810547,27.066465377807617,47.93855285644531
